<?xml version="1.0" encoding="UTF-8"?>                           
    <chesschampion>
        <Champion>
            <fname>Wilhelm Steinitz
            </fname>
            <wikilink>http://en.wikipedia.org/wiki/Wilhelm_Steinitz</wikilink>
        </Champion>
        <countries>
        <country>
            <image>file:///L:/public_html/Advanced/Chess%20World%20Champions_files/Flag_of_Bohemia.svg
            </image>
            <name>Austria-Hungary
            </name>
            <wikilink>http://en.wikipedia.org/wiki/Austria-Hungary</wikilink>
        </country>
            <country>
        <name>Bohemia</name>
            <wikilink>http://en.wikipedia.org/wiki/Kingdom_of_Bohemia</wikilink>
            </country>
         <country>
             <image>file:///L:/public_html/Advanced/Chess%20World%20Champions_files/Flag_of_the_United_States.svg</image>
             <name>United States</name>
             <wikilink>http://en.wikipedia.org/wiki/United_States</wikilink>
         </country>
            <year>
                <syear>1886</syear>          
                <eyear>1894</eyear>
            </year>
            </countries>
        
        <Champion>
            <fname>Emanuel Lasker</fname>
            <wikilink>http://en.wikipedia.org/wiki/Emanuel_Lasker</wikilink>
        </Champion>
        <countries>
        <country>
            <image>file:///L:/public_html/Advanced/Chess%20World%20Champions_files/Flag_of_Germany.svg</image>
            <name>Germany</name>
            <wikilink>http://en.wikipedia.org/wiki/Germany</wikilink>
        </country>
            <year>
                <syear>1894</syear>
                <eyear>1921</eyear> 
            </year>
        </countries>
        
        <Champion>
            <fname>José Raúl Capablanca</fname>
            <wikilink>http://en.wikipedia.org/wiki/Jose_Raul_Capablanca</wikilink>
        </Champion>
        <countries>
        <country>
            <image>file:///L:/public_html/Advanced/Chess%20World%20Champions_files/Flag_of_Cuba.svg</image>
            <name>Cuba</name>
            <wikilink>http://en.wikipedia.org/wiki/Cuba</wikilink>
        </country>
            <year>
                <syear>1921</syear>
                <eyear>1927</eyear>
            </year>
        </countries>
        
        <Champion>
            <fname>Alexander Alekhine</fname>
            <wikilink>http://en.wikipedia.org/wiki/Alexander_Alekhine</wikilink>
        </Champion>
        <countries>
        <country>
            <image>file:///L:/public_html/Advanced/Chess%20World%20Champions_files/Flag_of_France.svg</image>
            <name>France</name>
            <wikilink>http://en.wikipedia.org/wiki/French_Third_Republic</wikilink>
        </country>
            <year>
                <syear>1927</syear>
                <eyear>–1935</eyear>
            </year>
            <country>
                <image>file:///L:/public_html/Advanced/Chess%20World%20Champions_files/Flag_of_Russia.svg</image>
                <name>White emigre</name>
                <wikilink>http://en.wikipedia.org/wiki/White_emigre</wikilink>
            </country>
            <year>
                <syear>1937</syear>
                <eyear>1946</eyear>
            </year>
        </countries>
     
        <Champion>
            <fname>Max Euwe</fname>
            <wikilink>http://en.wikipedia.org/wiki/Max_Euwe</wikilink>
        </Champion>
       <countries>
        <country>
            <image>file:///L:/public_html/Advanced/Chess%20World%20Champions_files/Flag_of_the_Netherlands.svg</image>
            <name>Netherlands</name>
            <wikilink>http://en.wikipedia.org/wiki/Netherlands</wikilink>
        </country>
           <year>
               <syear>1935</syear>
               <eyear>1937</eyear>
           </year>
       </countries>
        
           <Champion>
            <fname>Mikhail Botvinnik</fname>
            <wikilink>http://en.wikipedia.org/wiki/Mikhail_Botvinnik</wikilink>
        </Champion>
        <countries>
        <country>
            <image>file:///L:/public_html/Advanced/Chess%20World%20Champions_files/Flag_of_the_Soviet_Union.svg</image>
            <name>Soviet Union</name>
            <wikilink>http://en.wikipedia.org/wiki/Soviet_Union</wikilink>
        </country>
        <country>
          <name>RSFSR</name>  
            <wikilink>http://en.wikipedia.org/wiki/Russian_Soviet_Federative_Socialist_Republic</wikilink>
        </country>
            <year>
                <syear>1948</syear>
                <eyear>1957</eyear>
            </year>
            <year>
                <syear>1958</syear> 
                <eyear>1960</eyear>
            </year>
            <year>
                <syear>1961</syear>  
                <eyear>1963</eyear>
            </year>
        </countries>
           
        <Champion>
            <fname>Vasily Smyslov</fname>
            <wikilink>http://en.wikipedia.org/wiki/Vasily_Smyslov</wikilink>
        </Champion>
        <countries>
        <country>
            <image>file:///L:/public_html/Advanced/Chess%20World%20Champions_files/Flag_of_the_Soviet_Union.svg</image>
            <name>Soviet Union</name>
            <wikilink>http://en.wikipedia.org/wiki/Soviet_Union, http://en.wikipedia.org/wiki/Russian_Soviet_Federative_Socialist_Republic</wikilink>
        </country>
            <year>
                <syear> 1957</syear>
                <eyear>1958</eyear>
            </year>
        </countries>  

        <Champion>
            <fname>Mikhail Tal</fname>
            <wikilink>http://en.wikipedia.org/wiki/Mikhail_Tal</wikilink>
        </Champion>
        <countries>
        <country>
            <image>file:///L:/public_html/Advanced/Chess%20World%20Champions_files/Flag_of_the_Soviet_Union.svg</image>
            <name>Soviet Union</name>
            <wikilink>http://en.wikipedia.org/wiki/Soviet_Union</wikilink>
        </country>
            <country>
                <name>Latvian SSR</name>
                <wikilink>http://en.wikipedia.org/wiki/Latvian_Soviet_Socialist_Republic</wikilink>
            </country>
            <year>
                <syear>1960</syear>
                <eyear>1961</eyear>
            </year>  
        </countries>
        
          <Champion>
            <fname>Tigran Petrosian</fname>
            <wikilink>http://en.wikipedia.org/wiki/Tigran_Petrosian</wikilink>
        </Champion>
        <countries>
        <country>
            <image>file:///L:/public_html/Advanced/Chess%20World%20Champions_files/Flag_of_the_Soviet_Union.svg</image>
            <name>Soviet Union</name>
            <wikilink>http://en.wikipedia.org/wiki/Soviet_Union</wikilink>
        </country>
            <country>
                <image>file:///L:/public_html/Advanced/Chess%20World%20Champions_files/Flag_of_the_Soviet_Union.svg</image>
            <name>Armenian SSR</name>    
                <wikilink>http://en.wikipedia.org/wiki/Armenian_Soviet_Socialist_Republic</wikilink>  
            </country>
            <year>
                <syear>1963</syear>
                <eyear>1969</eyear>
            </year>
        </countries>
        
        <Champion>
            <fname>Boris Spassky</fname>
            <wikilink>http://en.wikipedia.org/wiki/Boris_Spassky</wikilink>
        </Champion>
        <countries>
        <country>
            <image>file:///L:/public_html/Advanced/Chess%20World%20Champions_files/Flag_of_the_United_States.svg</image>
            <name>Bobby Fischer</name>
            <wikilink>http://en.wikipedia.org/wiki/Bobby_Fischer</wikilink>
            <year>
                <syear>1969</syear>
                <eyear>1972</eyear>
            </year>
        </country>
        </countries>
        
        <Champion> 
            <fname>Anatoly Karpov</fname>
            <wikilink>http://en.wikipedia.org/wiki/Anatoly_Karpov</wikilink>
        </Champion>
        <countries>
        <country>
            <image>file:///L:/public_html/Advanced/Chess%20World%20Champions_files/Flag_of_the_Soviet_Union.svg</image>
            <name>Soviet Union</name>
            <wikilink>http://en.wikipedia.org/wiki/Soviet_Union</wikilink>
          </country>
        <country>
            <name>RSFSR</name>
            <wikilink>http://en.wikipedia.org/wiki/Russian_Soviet_Federative_Socialist_Republic</wikilink>
        </country>
            <year>
                <syear>1975</syear>
                <eyear>1985</eyear>
            </year>
            <year>
                <syear>1993</syear>
                <eyear>1999</eyear>
                <notes>FIDE</notes>
            </year>
        </countries>
       
        <Champion>
                <fname>Garry Kasparov</fname>
                <wikilink>http://en.wikipedia.org/wiki/Garry_Kasparov</wikilink>
        </Champion>        
        <countries>
        <country>
            <image>file:///L:/public_html/Advanced/Chess%20World%20Champions_files/Flag_of_the_Soviet_Union.svg</image>
                <name>Soviet Union</name>
                <wikilink>http://en.wikipedia.org/wiki/Soviet_Union</wikilink>
        </country>
            <country>
               <name>Azerbaijan SSR</name> 
                <wikilink>http://en.wikipedia.org/wiki/Azerbaijan_Soviet_Socialist_Republic</wikilink>
            </country>
            <year>
                <syear>1985</syear>
                <eyear>1993</eyear>
                <notes>Unpisputed</notes>
                </year>
            <country>
                <image>file:///L:/public_html/Advanced/Chess%20World%20Champions_files/Flag_of_Russia.svg</image>
                <name>Russia</name>
                <wikilink> http://en.wikipedia.org/wiki/Russia</wikilink>
                <image>file:///L:/public_html/Advanced/Chess%20World%20Champions_files/Flag_of_Russia.svg</image>
            </country>
            <year>
                <syear>1993</syear>
                <eyear>2000</eyear>
                <notes>Classical</notes> 
            </year>
        </countries>
        
        <Champion>
                <fname>Vladimir Kramnik</fname>
                <wikilink>http://en.wikipedia.org/wiki/Vladimir_Kramnik</wikilink>
            </Champion>
        <countries>
            <country>
                <image>file:///L:/public_html/Advanced/Chess%20World%20Champions_files/Flag_of_Russia.svg</image>
                <name>Russia</name>
                <wikilink>http://en.wikipedia.org/wiki/Russia</wikilink>
            </country>
            <year>
                <syear>2000</syear>
                <eyear>2006</eyear>
				<notes>classical</notes> 
            </year>
            <year>
                <syear>2006</syear>
                <eyear>2007</eyear>
                <notes>undisputed</notes>
            </year>
            </countries>
     
        <Champion>
            
                <fname>Viswanathan Anand</fname>
                <wikilink>http://en.wikipedia.org/wiki/Viswanathan_Anand</wikilink>
            </Champion>
           <countries>
            <country>
                <image>file:///L:/public_html/Advanced/Chess%20World%20Champions_files/Flag_of_India.svg</image>
                <name>India</name>
                <wikilink>http://en.wikipedia.org/wiki/India</wikilink>
            </country>
               <year>
                   <syear>2000</syear>
                   <eyear>2002</eyear>
				    <notes>FIDE</notes>
				   </year>
               <year>
                   <syear>2007</syear>
                   <eyear>2013</eyear>
                  
               </year>
               </countries>
        
        <Champion>
                <fname>Magnus Carlsen</fname>
                <wikilink>http://en.wikipedia.org/wiki/Magnus_Carlsen</wikilink>
            </Champion>
        <countries>
            <country>
                <image>file:///L:/public_html/Advanced/Chess%20World%20Champions_files/Flag_of_Norway.svg</image>
                <name>Norway</name>
                <wikilink>http://en.wikipedia.org/wiki/Norway</wikilink>
            </country>
            <year>
                <syear>2013</syear>
                <eyear>2013</eyear>
            </year>
            </countries>
   </chesschampion>