{
  "@context": "http://schema.org/",
  "@type": "Person",
  "name": "Wilhelm Steinitz",
  "url": "http://en.wikipedia.org/wiki/Wilhelm_Steinitz",
  "country":[
    "ImageObject": "http://www.cems.uwe.ac.uk/~a2-fayaz/Advanced/Chess%20World%20Champions_files/Flag_of_Bohemia.svg",
  "name": "Austria-Hungary",
   "url": "http://en.wikipedia.org/wiki/Austria-Hungary",
  "startDate": "1886",
    "endDate": "1894" 
]

 "country":[
  "name": "Bohemia",
  "url": "http://en.wikipedia.org/wiki/Kingdom_of_Bohemia",
  "startDate": "1886",
    "endDate": "1894"
]


    "country":[
	  "ImageObject": "http://www.cems.uwe.ac.uk/~a2-fayaz/Advanced/Chess%20World%20Champions_files/Flag_of_the_United_States.svg",
      "name": "United States",  
      "url": "http://en.wikipedia.org/wiki/United_States",
    "startDate": "1886",
    "endDate": "1894"
      ]
	  },
{
  "@context": "http://schema.org/",
  "@type": "Person",
  "name": "Emanuel Lasker",
  "url": "http://en.wikipedia.org/wiki/Emanuel_Lasker",
  "country": [
  "ImageObject": "http://www.cems.uwe.ac.uk/~a2-fayaz/Advanced/Chess%20World%20Champions_files/Flag_of_Germany.svg",
  "name": "Germany",
   "url": "http://en.wikipedia.org/wiki/Germany",
  "startDate": "1894",
    "endDate": "1921"
] 
	},
	

	
{	
  "@context": "http://schema.org/",
  "@type": "Person",
  "name": "José Raúl Capablanca",
  "url": "http://en.wikipedia.org/wiki/Jose_Raul_Capablanca",
  "country": [
  "ImageObject": "http://www.cems.uwe.ac.uk/~a2-fayaz/Advanced/Chess%20World%20Champions_files/Flag_of_Cuba.svg",
  "name": "Cuba",
   "url": "http://en.wikipedia.org/wiki/Cuba",
  "startDate": "1921",
    "endDate": "1927"
]
	},
{	
  "@context": "http://schema.org/",
  "@type": "Person",
  "name": "Alexander Alekhine",
  "url": "http://en.wikipedia.org/wiki/Alexander_Alekhine",
  "country":[
  "ImageObject": "http://www.cems.uwe.ac.uk/~a2-fayaz//Advanced/Chess%20World%20Champions_files/Flag_of_France.svg",
  "name": "France",
   "url": "http://en.wikipedia.org/wiki/French_Third_Republic",
  "startDate": "1927",
    "endDate": "1935"
]
	
      "country": [
      "name": "Soviet émigré", 
	  "ImageObject": "http://www.cems.uwe.ac.uk/~a2-fayaz/Advanced/Chess%20World%20Champions_files/Flag_of_Russia.svg",
      "url": "http://en.wikipedia.org/wiki/White_emigre",
    "startDate": "1937",
    "endDate": "1946" 
]	},

	{
  "@context": "http://schema.org/",
  "@type": "Person",
  "name": "Max Euwe",
  "url": "http://en.wikipedia.org/wiki/Max_Euwe",
  "country":[
  "ImageObject": "http://www.cems.uwe.ac.uk/~a2-fayaz/Advanced/Chess%20World%20Champions_files/Flag_of_the_Netherlands.svg",
  "name": "Netherlands",
   "url": "http://en.wikipedia.org/wiki/Netherlands",
  "startDate": "1935",
    "endDate": "1937"
	] },
 
 {
  "@context": "http://schema.org/",
  "@type": "Person",
  "name": "Mikhail Botvinnik",
  "url": "http://en.wikipedia.org/wiki/Mikhail_Botvinnik",
  "country":[
  "ImageObject": "http://www.cems.uwe.ac.uk/~a2-fayaz/Advanced/Chess%20World%20Champions_files/Flag_of_the_Soviet_Union.svg",
  "name": "Soviet Union",
   "url": "http://en.wikipedia.org/wiki/Soviet_Union",
  "startDate": "1948",
    "endDate": "1957"
]
	
"country":[
 "name": "(RSFSR)",
   "url": "http://en.wikipedia.org/wiki/Russian_Soviet_Federative_Socialist_Republic",
  "startDate": "1948",
    "endDate": "1957"
]
	
  "country":[
  "ImageObject": "http://www.cems.uwe.ac.uk/~a2-fayaz/Advanced/Chess%20World%20Champions_files/Flag_of_the_Soviet_Union.svg",
  "name": "Soviet Union",
   "url": "http://en.wikipedia.org/wiki/Soviet_Union",
   "url": "http://en.wikipedia.org/wiki/Russian_Soviet_Federative_Socialist_Republic",
  "startDate": "1958",
    "endDate": "1960"
	] 
	

"country":[
"name": "(RSFSR)",
   "url": "http://en.wikipedia.org/wiki/Russian_Soviet_Federative_Socialist_Republic",
  "startDate": "1958",
    "endDate": "1960"
]
	
  "country":[
  "ImageObject": "http://www.cems.uwe.ac.uk/~a2-fayaz/Advanced/Chess%20World%20Champions_files/Flag_of_the_Soviet_Union.svg",
  "name": "Soviet Union",
   "url": "http://en.wikipedia.org/wiki/Soviet_Union",
   "url": "http://en.wikipedia.org/wiki/Russian_Soviet_Federative_Socialist_Republic",
  "startDate": "1961",
    "endDate": "1963"
] 
	
"country":[
"name": "(RSFSR)",
   "url": "http://en.wikipedia.org/wiki/Russian_Soviet_Federative_Socialist_Republic",
  "startDate": "1961",
    "endDate": "1963"
]
},
{

  "@context": "http://schema.org/",
  "@type": "Person",
  "name": "Vasily Smyslov",
  "url": "http://en.wikipedia.org/wiki/Vasily_Smyslov",
  "country":[
  "ImageObject": "http://www.cems.uwe.ac.uk/~a2-fayaz/Advanced/Chess%20World%20Champions_files/Flag_of_the_Soviet_Union.svg",,
  "name": "Soviet Union",
   "url": "http://en.wikipedia.org/wiki/Soviet_Union",
   "url": "http://en.wikipedia.org/wiki/Russian_Soviet_Federative_Socialist_Republic",
  "startDate": "1957",
    "endDate": "1958"
]
	
   "country":[
  "name": "(RSFSR)",
   "url": "http://en.wikipedia.org/wiki/Russian_Soviet_Federative_Socialist_Republic",
  "startDate": "1957",
    "endDate": "1958"
	]
	},
  
  {
  "@context": "http://schema.org/",
  "@type": "Person",
  "name": "Mikhail Tal",
  "url": "http://en.wikipedia.org/wiki/Vasily_Smyslov",
  "country":[
  "ImageObject": "http://www.cems.uwe.ac.uk/~a2-fayaz/Advanced/Chess%20World%20Champions_files/Flag_of_the_Soviet_Union.svg",,
  "name": "Soviet Union",
   "url": "http://en.wikipedia.org/wiki/Soviet_Union",
  "startDate": "1960",
    "endDate": "1961"
    ]
	
 "country":[
   "name": "(Latvian SSR)",
   "url": "http://en.wikipedia.org/wiki/Latvian_Soviet_Socialist_Republic",
  "startDate": "1960",
    "endDate": "1961"
]
},
{
  "@context": "http://schema.org/",
  "@type": "Person",
  "name": "Tigran Petrosian",
  "url": "http://en.wikipedia.org/wiki/Tigran_Petrosian",
  "country":[
  "ImageObject": "http://www.cems.uwe.ac.uk/~a2-fayaz/Advanced/Chess%20World%20Champions_files/Flag_of_the_Soviet_Union.svg",,
  "name": "Soviet Union",
   "url": "http://en.wikipedia.org/wiki/Soviet_Union",
  "startDate": "1963",
    "endDate": "1969"
    ] 

"country":[
  "name": "(Armenian SSR)",
   "url": "http://en.wikipedia.org/wiki/Armenian_Soviet_Socialist_Republic",
  "startDate": "1963",
    "endDate": "1969"
]
	},
	
{	
  "@context": "http://schema.org/",
  "@type": "Person",
  "name": "Boris Spassky",
  "url": "http://en.wikipedia.org/wiki/Boris_Spassky",
  "country":[
  "ImageObject": "http://www.cems.uwe.ac.uk/~a2-fayaz/Advanced/Chess%20World%20Champions_files/Flag_of_the_Soviet_Union.svg",,
  "name": "Soviet Union",
   "url": "http://en.wikipedia.org/wiki/Soviet_Union",
  "startDate": "1969",
    "endDate": "1972"
    ]

 "country":[
  "name": "(RSFSR)",
   "url": "http://en.wikipedia.org/wiki/Russian_Soviet_Federative_Socialist_Republic",
  "startDate": "1969",
    "endDate": "1972"
] },
{
  "@context": "http://schema.org/",
  "@type": "Person",
  "name": "Bobby Fischer",
  "url": "http://en.wikipedia.org/wiki/Bobby_Fischer",
  "country":[
  "ImageObject": "http://www.cems.uwe.ac.uk/~a2-fayaz/Chess%20World%20Champions_files/Flag_of_the_United_States.svg",,
  "name": "Soviet Union",
   "url": "http://en.wikipedia.org/wiki/United_States",
  "startDate": "1972",
    "endDate": "1975"
]}, {
  "@context": "http://schema.org/",
  "@type": "Person",
  "name": "Anatoly Karpov",
  "url": "http://en.wikipedia.org/wiki/Anatoly_Karpov",
  "country":[
  "ImageObject": "http://www.cems.uwe.ac.uk/~a2-fayaz/Chess%20World%20Champions_files/Flag_of_the_Soviet_Union.svg",,
  "name": "Soviet Union",
   "url": "http://en.wikipedia.org/wiki/Soviet_Union",
 "startDate": "1975",
    "endDate": "1985"
    ]

  "country":[
  "name": "(RSFSR)",
   "url": "http://en.wikipedia.org/wiki/Russian_Soviet_Federative_Socialist_Republic",
   "notes": "(FIDE)",
 "startDate": "1993",
    "endDate": "1999"
   },
 {
  "@context": "http://schema.org/",
  "@type": "Person",
  "name": "Garry Kasparov",
  "url": "http://en.wikipedia.org/wiki/Garry_Kasparov",
  "country":[
  "ImageObject": "http://www.cems.uwe.ac.uk/~a2-fayaz/Advanced/Chess%20World%20Champions_files/Flag_of_the_Soviet_Union.svg",,
  "name": "Soviet Union",
   "url": "http://en.wikipedia.org/wiki/Soviet_Union",
   "notes": "(undisputed),
 "startDate": "1985",
    "endDate": "1993"
 ]
 
  "country":[
  "name": "(Azerbaijan SSR)",
   "url": "http://en.wikipedia.org/wiki/Azerbaijan_Soviet_Socialist_Republic",
   "notes": "(undisputed),
 "startDate": "1985",
    "endDate": "1993"
  ]
  
 "country":[
 "ImageObject": "http://www.cems.uwe.ac.uk/~a2-fayaz/Chess%20World%20Champions_files/Flag_of_Russia.svg",
  "name": "Russia",
   "url": "http://en.wikipedia.org/wiki/Russia",
   "notes": "(classical),
 "startDate": "1993",
    "endDate": "2000"
  ]
  },
  {
    "@context": "http://schema.org/",
  "@type": "Person",
  "name": "Vladimir Kramnik",
  "url": "http://en.wikipedia.org/wiki/Vladimir_Kramnik",
  "country":[
  "ImageObject": "http://www.cems.uwe.ac.uk/~a2-fayaz/Advanced/Chess%20World%20Champions_files/Flag_of_Russia.svg",
  "name": "Russia",
   "url": "http://en.wikipedia.org/wiki/Russia",
   "notes": "(classical),
 "startDate": "2000",
    "endDate": "2006"
	]
	
	 "country":[
  "ImageObject": "http://www.cems.uwe.ac.uk/~a2-fayaz/Advanced/Chess%20World%20Champions_files/Flag_of_Russia.svg",
  "name": "Russia",
   "url": "http://en.wikipedia.org/wiki/Russia",
   "notes": "(undisputed),
 "startDate": "2006",
    "endDate": "2007"
]},
{
	
    "@context": "http://schema.org/",
  "@type": "Person",
  "name": "Viswanathan Anand",
  "url": "http://en.wikipedia.org/wiki/Viswanathan_Anand",
  "country":[
  "ImageObject": "http://www.cems.uwe.ac.uk/~a2-fayaz/Advanced/Chess%20World%20Champions_files/Flag_of_India.svg",
  "name": "Russia",
   "url": "http://en.wikipedia.org/wiki/India",
   "notes": "(FIDE),
 "startDate": "2000",
    "endDate": "2002"
	] 
	
	 "country":[
  "ImageObject": "http://www.cems.uwe.ac.uk/~a2-fayaz/Advanced/Chess%20World%20Champions_files/Flag_of_India.svg",
  "name": "India",
   "url": "http://en.wikipedia.org/wiki/India",
 "startDate": "2007",
    "endDate": "2013"
	] },
	{
    "@context": "http://schema.org/",
  "@type": "Person",
  "name": "Magnus Carlsen",
  "url": "http://en.wikipedia.org/wiki/Magnus_Carlsen",
  "country":[
  "ImageObject": "http://www.cems.uwe.ac.uk/~a2-fayaz/Advanced/Chess%20World%20Champions_files/Flag_of_Norway.svg",
  "name": "Russia",
   "url": "http://en.wikipedia.org/wiki/Norway",
   "notes": "(FIDE),
 "startDate": "2013",
    "endDate": ""
	]
}
	}