<?xml version="1.0" encoding="utf-8"?>
<!--
- phpMyAdmin XML Dump
- version 3.4.11.1deb2+deb7u1
- http://www.phpmyadmin.net
-
- Host: mysql5
- Generation Time: Dec 09, 2014 at 10:56 AM
- Server version: 5.5.38
- PHP Version: 5.4.4-14+deb7u14
-->

<pma_xml_export version="1.0" xmlns:pma="http://www.phpmyadmin.net/some_doc_url/">
    <!--
    - Structure schemas
    -->
    <pma:structure_schemas>
        <pma:database name="fet12014211" collation="latin1_swedish_ci" charset="latin1">
            <pma:table name="champion">
                CREATE TABLE `champion` (
                  `id_champion` int(11) NOT NULL AUTO_INCREMENT,
                  `fname` varchar(45) NOT NULL,
                  `wikilink` varchar(185) NOT NULL,
                  PRIMARY KEY (`id_champion`)
                ) ENGINE=InnoDB AUTO_INCREMENT=764 DEFAULT CHARSET=latin1;
            </pma:table>
        </pma:database>
    </pma:structure_schemas>

    <!--
    - Database: 'fet12014211'
    -->
    <database name="fet12014211">
        <!-- Table champion -->
        <table name="champion">
            <column name="id_champion">91</column>
            <column name="fname">Wilhelm Steinitz</column>
            <column name="wikilink">http://en.wikipedia.org/wiki/Wilhelm_Steinitz</column>
        </table>
        <table name="champion">
            <column name="id_champion">92</column>
            <column name="fname">Emanuel Lasker</column>
            <column name="wikilink">http://en.wikipedia.org/wiki/Emanuel_Lasker</column>
        </table>
        <table name="champion">
            <column name="id_champion">93</column>
            <column name="fname">Jose Raul Capablanca</column>
            <column name="wikilink">http://en.wikipedia.org/wiki/José_Raúl_Capablanca</column>
        </table>
        <table name="champion">
            <column name="id_champion">94</column>
            <column name="fname">Alexander Alekhine</column>
            <column name="wikilink">http://en.wikipedia.org/wiki/Alexander_Alekhine</column>
        </table>
        <table name="champion">
            <column name="id_champion">95</column>
            <column name="fname">Max Euwe</column>
            <column name="wikilink">http://en.wikipedia.org/wiki/Max_Euwe</column>
        </table>
        <table name="champion">
            <column name="id_champion">96</column>
            <column name="fname">Mikhail Botvinnik</column>
            <column name="wikilink">http://en.wikipedia.org/wiki/Mikhail_Botvinnik</column>
        </table>
        <table name="champion">
            <column name="id_champion">97</column>
            <column name="fname">Vasily Smyslov</column>
            <column name="wikilink">http://en.wikipedia.org/wiki/Vasily_Smyslov</column>
        </table>
        <table name="champion">
            <column name="id_champion">98</column>
            <column name="fname">Mikhail Tal</column>
            <column name="wikilink">http://en.wikipedia.org/wiki/Mikhail_Tal</column>
        </table>
        <table name="champion">
            <column name="id_champion">99</column>
            <column name="fname">Tigran Petrosian</column>
            <column name="wikilink">http://en.wikipedia.org/wiki/Tigran_Petrosian</column>
        </table>
        <table name="champion">
            <column name="id_champion">100</column>
            <column name="fname">Boris Spassky</column>
            <column name="wikilink">http://en.wikipedia.org/wiki/Boris_Spassky</column>
        </table>
        <table name="champion">
            <column name="id_champion">101</column>
            <column name="fname">Bobby Fischer</column>
            <column name="wikilink">http://en.wikipedia.org/wiki/Bobby_Fischer</column>
        </table>
        <table name="champion">
            <column name="id_champion">102</column>
            <column name="fname">Anatoly Karpov</column>
            <column name="wikilink">http://en.wikipedia.org/wiki/Anatoly_Karpov</column>
        </table>
        <table name="champion">
            <column name="id_champion">103</column>
            <column name="fname">Garry Kasparov</column>
            <column name="wikilink">http://en.wikipedia.org/wiki/Garry_Kasparov</column>
        </table>
        <table name="champion">
            <column name="id_champion">104</column>
            <column name="fname">Vladimir Kramnik</column>
            <column name="wikilink">http://en.wikipedia.org/wiki/Vladimir_Kramnik</column>
        </table>
        <table name="champion">
            <column name="id_champion">105</column>
            <column name="fname">Viswanathan Anand</column>
            <column name="wikilink">http://en.wikipedia.org/wiki/Viswanathan_Anand</column>
        </table>
        <table name="champion">
            <column name="id_champion">106</column>
            <column name="fname">Magnus Carlsen</column>
            <column name="wikilink">http://en.wikipedia.org/wiki/Magnus_Carlsen</column>
        </table>
        <table name="champion">
            <column name="id_champion">234</column>
            <column name="fname">Magnus Carlsen</column>
            <column name="wikilink">http://en.wikipedia.org/wiki/Magnus_Carlsen</column>
        </table>
        <table name="champion">
            <column name="id_champion">248</column>
            <column name="fname">Vladimir Kramnik</column>
            <column name="wikilink">http://en.wikipedia.org/wiki/Vladimir_Kramnik</column>
        </table>
        <table name="champion">
            <column name="id_champion">249</column>
            <column name="fname">Viswanathan Anand</column>
            <column name="wikilink">http://en.wikipedia.org/wiki/Viswanathan_Anand</column>
        </table>
        <table name="champion">
            <column name="id_champion">250</column>
            <column name="fname">Magnus Carlsen</column>
            <column name="wikilink">http://en.wikipedia.org/wiki/Magnus_Carlsen</column>
        </table>
		<table name="country">
            <column name="id_country">46</column>
            <column name="name">Austria-Hungary</column>
            <column name="wikilink">http://en.wikipedia.org/wiki/Austria-Hungary</column>
            <column name="flag">file:///L:/public_html/Advanced/Chess%20World%20Champions_files/Flag_of_Bohemia.svg</column>
        </table>
        <table name="country">
            <column name="id_country">47</column>
            <column name="name">Bohemia</column>
            <column name="wikilink">http://en.wikipedia.org/wiki/Kingdom_of_Bohemia</column>
            <column name="flag"></column>
        </table>
        <table name="country">
            <column name="id_country">48</column>
            <column name="name">United States</column>
            <column name="wikilink">http://en.wikipedia.org/wiki/United_States</column>
            <column name="flag">file:///L:/public_html/Advanced/Chess%20World%20Champions_files/Flag_of_the_United_States.svg</column>
        </table>
        <table name="country">
            <column name="id_country">49</column>
            <column name="name">Germany</column>
            <column name="wikilink">http://en.wikipedia.org/wiki/Germany</column>
            <column name="flag">file:///L:/public_html/Advanced/Chess%20World%20Champions_files/Flag_of_Germany.svg</column>
        </table>
        <table name="country">
            <column name="id_country">50</column>
            <column name="name">Cuba</column>
            <column name="wikilink">http://en.wikipedia.org/wiki/Cuba</column>
            <column name="flag">file:///L:/public_html/Advanced/Chess%20World%20Champions_files/Flag_of_Cuba.svg</column>
        </table>
        <table name="country">
            <column name="id_country">51</column>
            <column name="name">France</column>
            <column name="wikilink">http://en.wikipedia.org/wiki/French_Third_Republic</column>
            <column name="flag">file:///L:/public_html/Advanced/Chess%20World%20Champions_files/Flag_of_France.svg</column>
        </table>
        <table name="country">
            <column name="id_country">52</column>
            <column name="name">Soviet émigré</column>
            <column name="wikilink">http://en.wikipedia.org/wiki/White_%C3%A9migr%C3%A9</column>
            <column name="flag">file:///L:/public_html/Advanced/Chess%20World%20Champions_files/Flag_of_Russia.svg</column>
        </table>
        <table name="country">
            <column name="id_country">53</column>
            <column name="name">Netherlands</column>
            <column name="wikilink">http://en.wikipedia.org/wiki/Netherlands</column>
            <column name="flag">file:///L:/public_html/Advanced/Chess%20World%20Champions_files/Flag_of_the_Netherlands.svg</column>
        </table>
        <table name="country">
            <column name="id_country">54</column>
            <column name="name">Soviet Union</column>
            <column name="wikilink">http://en.wikipedia.org/wiki/Soviet_Union</column>
            <column name="flag">file:///L:/public_html/Advanced/Chess%20World%20Champions_files/Flag_of_the_Soviet_Union.svg</column>
        </table>
        <table name="country">
            <column name="id_country">55</column>
            <column name="name">RSFSR</column>
            <column name="wikilink">http://en.wikipedia.org/wiki/RSFSR</column>
            <column name="flag"></column>
        </table>
        <table name="country">
            <column name="id_country">59</column>
            <column name="name">Latvian SSR</column>
            <column name="wikilink">http://en.wikipedia.org/wiki/Latvian_SSR</column>
            <column name="flag"></column>
        </table>
        <table name="country">
            <column name="id_country">61</column>
            <column name="name">Armenian SSR</column>
            <column name="wikilink">http://en.wikipedia.org/wiki/Armenian_SSR</column>
            <column name="flag"></column>
        </table>
        <table name="country">
            <column name="id_country">68</column>
            <column name="name">Azerbaijan SSR</column>
            <column name="wikilink">http://en.wikipedia.org/wiki/Azerbaijan_SSR</column>
            <column name="flag"></column>
        </table>
        <table name="country">
            <column name="id_country">69</column>
            <column name="name">Russia</column>
            <column name="wikilink">http://en.wikipedia.org/wiki/Russia</column>
            <column name="flag"></column>
        </table>
        <table name="country">
            <column name="id_country">71</column>
            <column name="name">India </column>
            <column name="wikilink">http://en.wikipedia.org/wiki/India</column>
            <column name="flag">file:///L:/public_html/Advanced/Chess%20World%20Champions_files/Flag_of_India.svg</column>
        </table>
        <table name="country">
            <column name="id_country">72</column>
            <column name="name">Norway</column>
            <column name="wikilink">http://en.wikipedia.org/wiki/Norway</column>
            <column name="flag">file:///L:/public_html/Advanced/Chess%20World%20Champions_files/Flag_of_Norway.svg</column>
        </table>
		<table name="year">
            <column name="id_year">1</column>
            <column name="syear">1886</column>
            <column name="eyear">1894</column>
            <column name="notes">NULL</column>
            <column name="champion_id_champion">91</column>
        </table>
        <table name="year">
            <column name="id_year">2</column>
            <column name="syear">1894</column>
            <column name="eyear">1921</column>
            <column name="notes">NULL</column>
            <column name="champion_id_champion">92</column>
        </table>
        <table name="year">
            <column name="id_year">3</column>
            <column name="syear">1927</column>
            <column name="eyear">1935</column>
            <column name="notes">NULL</column>
            <column name="champion_id_champion">94</column>
        </table>
        <table name="year">
            <column name="id_year">4</column>
            <column name="syear">1937</column>
            <column name="eyear">1946</column>
            <column name="notes">NULL</column>
            <column name="champion_id_champion">94</column>
        </table>
        <table name="year">
            <column name="id_year">5</column>
            <column name="syear">1935</column>
            <column name="eyear">1937</column>
            <column name="notes">NULL</column>
            <column name="champion_id_champion">95</column>
        </table>
        <table name="year">
            <column name="id_year">6</column>
            <column name="syear">1921</column>
            <column name="eyear">1927</column>
            <column name="notes">NULL</column>
            <column name="champion_id_champion">93</column>
        </table>
        <table name="year">
            <column name="id_year">7</column>
            <column name="syear">1948</column>
            <column name="eyear">1957</column>
            <column name="notes">NULL</column>
            <column name="champion_id_champion">96</column>
        </table>
        <table name="year">
            <column name="id_year">8</column>
            <column name="syear">1958</column>
            <column name="eyear">1960</column>
            <column name="notes">NULL</column>
            <column name="champion_id_champion">96</column>
        </table>
        <table name="year">
            <column name="id_year">9</column>
            <column name="syear">1961</column>
            <column name="eyear">1963</column>
            <column name="notes">NULL</column>
            <column name="champion_id_champion">96</column>
        </table>
        <table name="year">
            <column name="id_year">10</column>
            <column name="syear">1957</column>
            <column name="eyear">1958</column>
            <column name="notes">NULL</column>
            <column name="champion_id_champion">97</column>
        </table>
        <table name="year">
            <column name="id_year">11</column>
            <column name="syear">1960</column>
            <column name="eyear">1961</column>
            <column name="notes">NULL</column>
            <column name="champion_id_champion">99</column>
        </table>
        <table name="year">
            <column name="id_year">12</column>
            <column name="syear">1963</column>
            <column name="eyear">1969</column>
            <column name="notes">NULL</column>
            <column name="champion_id_champion">99</column>
        </table>
        <table name="year">
            <column name="id_year">13</column>
            <column name="syear">1969</column>
            <column name="eyear">1972</column>
            <column name="notes">NULL</column>
            <column name="champion_id_champion">100</column>
        </table>
        <table name="year">
            <column name="id_year">14</column>
            <column name="syear">1972</column>
            <column name="eyear">1975</column>
            <column name="notes">NULL</column>
            <column name="champion_id_champion">101</column>
        </table>
        <table name="year">
            <column name="id_year">15</column>
            <column name="syear">1975</column>
            <column name="eyear">1985</column>
            <column name="notes">NULL</column>
            <column name="champion_id_champion">102</column>
        </table>
        <table name="year">
            <column name="id_year">16</column>
            <column name="syear">1993</column>
            <column name="eyear">1999</column>
            <column name="notes">FIDE</column>
            <column name="champion_id_champion">102</column>
        </table>
        <table name="year">
            <column name="id_year">17</column>
            <column name="syear">1985</column>
            <column name="eyear">1993</column>
            <column name="notes">undisputed</column>
            <column name="champion_id_champion">103</column>
        </table>
        <table name="year">
            <column name="id_year">18</column>
            <column name="syear">1993</column>
            <column name="eyear">2000</column>
            <column name="notes">classical</column>
            <column name="champion_id_champion">103</column>
        </table>
        <table name="year">
            <column name="id_year">19</column>
            <column name="syear">2000</column>
            <column name="eyear">2006</column>
            <column name="notes">classical</column>
            <column name="champion_id_champion">104</column>
        </table>
        <table name="year">
            <column name="id_year">20</column>
            <column name="syear">2006</column>
            <column name="eyear">2007</column>
            <column name="notes">undisputed</column>
            <column name="champion_id_champion">104</column>
        </table>
        <table name="year">
            <column name="id_year">21</column>
            <column name="syear">2000</column>
            <column name="eyear">2002</column>
            <column name="notes">FIDE</column>
            <column name="champion_id_champion">105</column>
        </table>
        <table name="year">
            <column name="id_year">22</column>
            <column name="syear">2007</column>
            <column name="eyear">2013</column>
            <column name="notes">NULL</column>
            <column name="champion_id_champion">105</column>
        </table>
        <table name="year">
            <column name="id_year">27</column>
            <column name="syear">2013</column>
            <column name="eyear"></column>
            <column name="notes">NULL</column>
            <column name="champion_id_champion">106</column>
        </table>
    </database>
</pma_xml_export>